singer_id,song_id,mode,ref,hyp
JLEE,05,sing,it's late in the evening she's wondering what clothes to wear she puts on her make up, It's late in the evening She's wondering what clothes to wear She puts on her makeup And brushes her long blonde hair
JLEE,05,sing,and brushes her long blonde hair and then she asks me do," And then she asks me, do I look all right? And I say yes, you look wonderful tonight."
JLEE,05,sing,i look alright and i say yes you look wonderful tonight we go, I go to a party and everyone turns to see this beautiful lady that's walking around with me
JLEE,05,sing,to a party and everyone turns to see this beautiful lady that's walking around with," And then she asks me, do you feel alright? And I say yes, I feel wonderful tonight."
JLEE,05,sing,me and then she asks me do you feel alright and i say yes i feel wonderful tonight, wonderful because I see the love light in your eyes and the wonder of it all is that you just don't realize how
JLEE,05,sing,i feel wonderful because i see the love light in your eyes and the wonder of it all is, I love you so much I love you Time to go home now And I've got an aching head So I give her the car keys
JLEE,05,sing,that you just don't realize how much i love you it's time to go home now and i've got an, And she helps me to bed And then I tell her As I turn out the light I say my darling You were wonderful
JLEE,05,sing,aching head so i give, tonight oh my darling you were wonderful tonight
JLEE,08,sing,i have a dream a song to sing to help me cope with anything if," I have a dream, a song to sing to help me cope with anything. If you see the wonder of"
JLEE,08,sing,you see the wonder of a fairy tale you can take the future even if you fail i believe, a fairy tale you can take the future even if you fail i believe in angels something good in everything i see i believe
JLEE,08,sing,in angels something good in everything i see i believe in angels when i know the time is right, When I know the time is right for me I'll cross the stream I have a dream I have a dream of fantasy
JLEE,08,sing,for me i'll cross the stream i have a dream i have a, To help me through reality And my destination makes it worth a while Pushing through the darkness
JLEE,08,sing,dream a fantasy to help me through reality and my destination makes it worth the while pushin' through the darkness still, another mile I believe in angels something good in everything I see I believe in angels when I know the time is right for me I'll
JLEE,08,sing,another mile i believe in angels something good in everything i," I'll cross the stream, I have a dream."
JLEE,11,sing,the other night dear as i lay sleeping i dreamt i held you in my arms but when i woke dear i was mistaken and," You are my sunshine, my only sunshine You make me happy when skies are grey You'll never know dear how much I love you Please don't take my sunshine away"
JLEE,11,sing,i hung my head and cried you are my sunshine my only sunshine you make me happy when skies are gray you'll never know," The other night, dear, as I lay sleeping, I dreamed I held you in my arms. When I awoke, dear, I was mistaken, and I hung my head and cried."
JLEE,11,sing,dear how much i love you please don't take my sunshine away i'll always love you and make you happy if you will only say the," You are my sunshine, my only sunshine You make me happy when skies are grey You'll never know dear how much I love you Please don't take my sunshine away"
JLEE,11,sing,same but if you leave me to love another you'll regret it all someday you are my sunshine my only sunshine you make me, I'll always love you and make you happy If you will only say the same But if you leave me to love another You'll regret it all someday
JLEE,11,sing,happy when skies are gray you'll never know dear how much i love you please don't take my sunshine away you told me once dear you," You are my sunshine, my only sunshine You make me happy when skies are grey You'll never know dear how much I love you Please don't take my sunshine away"
JLEE,11,sing,really loved me that no one else could come between but now you've left me and love another you have shattered all my dreams you are," You told me once dear, you really loved me, and no one else could come between. But now you've left me and love another. You have shattered all my dreams."
JLEE,11,sing,my sunshine my only sunshine you make me happy when skies are gray you'll never know dear how much i love you please don't take," You are my sunshine, my only sunshine You make me happy when skies are grey You'll never know dear how much I love you Please don't take my sunshine away"
JLEE,15,sing,there's a calm surrender to the rush of day when the heat of a rolling wind can be turned away an enchanted moment, There's a calm surrender to the rush of day When the heat of the rolling world can be turned away An enchanted moment and it sees me through
JLEE,15,sing,and it sees me through it's enough for this restless warrior just to be with you can you, for this restless warrior just to be with you and can you feel the love tonight it is where we are it's enough
JLEE,15,sing,feel the love tonight it is where we are it's enough for this wide eyed wanderer that, For there's a white eyed wanderer That we got this far And can you feel the love tonight How it's laid to rest
JLEE,15,sing,we've got this far and can you feel the love tonight how it's laid to rest oh, It's enough to make kings and vagabonds believe the very best. There's a time for everyone if they only learn that the twisting kaleidoscope
JLEE,15,sing,it's enough to make kings and vagabonds believe the very best there's a time for everyone if they only learn that the twisting kaleidoscope moves us, Moves us all in turn There's a rhyme and reason To the wild outdoors When the heart of this star-crossed voyager Beats in time with yours And can you feel
JLEE,15,sing,all in turn there's a rhyme and reason to the wild outdoors when the, love tonight it is where we are it's enough for this a white eyed wanderer that we got this far
JLEE,15,sing,heart of this star crossed voyager beats in time with yours can you feel the love, And can you feel the love tonight? How it's late to rest? It's enough to make kings and vagabonds believe
JLEE,15,sing,tonight it, the very best
JLEE,05,read,," It's late in the evening, she's wondering what clothes to wear, she puts on her makeup and brushes her long blonde hair, and then she asks me, do I look alright? And I say yes, you look wonderful tonight. We go to a party and everyone turns to see this beautiful lady that's walking around"
JLEE,05,read,," with me, and then she asks me, do you feel alright? And I say yes, I feel wonderful tonight. I feel wonderful because I see the love light in your eyes, and the wonder of it all is that you just don't realise how much I love you. It's time to go home now, and I've got an aching"
JLEE,08,read,," I have a dream, a song to sing, to help me cope with anything. If you see the wonder of a fairy tale, you can take the future even if you fail. I believe in angels, something good in everything I see. I believe in angels when I know the time is right for me. I'll cross the stream, I have a dream."
JLEE,08,read,," I have a dream, a fantasy, to help me through reality, and my destination makes it worth the while, pushing through the darkness still another mile. I believe in angels, something good in everything I see. I believe in angels. When I know the time is right for me, I'll cross the stream. I have a dream."
JLEE,11,read,," You are my sunshine, my only sunshine. You make me happy when skies are gray. You'll never know, dear, how much I love you. Please don't take my sunshine away. The other night, dear, as I lay sleeping, I dreamed I held you in my arms. When I awoke, dear, I was mistaken, and I hung my head and cried. You are my sunshine, my only sunshine."
JLEE,11,read,," You'll never know dear how much I love you. Please don't take my sunshine away. I'll always love you and make you happy if you will only say the same. But if you leave me to love another, you'll regret it all someday. You are my sunshine, my only sunshine. You'll make me happy when skies are grey. You'll never know dear how much I love you."
JLEE,11,read,, never know dear how much I love you please don't take my sunshine away you told me once dear you really loved me and no one else could come between but now you've left me and love another you have shattered all my dreams you are my sunshine my only sunshine you make me happy when skies are gray you'll never know dear how much I love you please don't
JLEE,15,read,," There is a calm surrender to the rush of day, when the heat of the rolling world can be turned away. An enchanted moment and it sees me through, it's enough for this restless warrior just to be with you. And can you feel the love tonight? It is where we are. It's enough for this wide-eyed wanderer that we got this"
JLEE,15,read,," far, and can you feel the love tonight, how it's late to rest? It's enough to make kings and vagabonds believe the very best. There's a time for everyone if they only learn that the twisting kaleidoscope moves us all in turn. There's a rhyme and reason to the wild outdoors when the heart of this"
KENN,04,sing,silent night holy night all is calm," Silent night, holy night, All is calm, all is bright, Round yon virgin,"
KENN,04,sing,all is bright round yon virgin mother and child holy," Mother and child, holy infant so tender and mild, sleep in heavenly peace."
KENN,04,sing,infant so tender and mild sleep, Sleep in heavenly peace Silent night Holy night Shepherd's quake at
KENN,04,sing,in heavenly peace sleep in heavenly peace, the sight. Glories stream from heaven afar. Heavenly hosts sing hallelujah. Christ
KENN,04,sing,silent night holy night shepherds quake," Christ the Savior is born. Silent night, holy night,"
KENN,04,sing,at the sight glories stream from heaven afar heavenly, Son of God loves pure light Radiant beams from thy holy face With the
KENN,04,sing,hosts sing alleluia christ the savior is," and dawn of redeeming grace. Jesus, Lord at Thy birth, Jesus, Lord at Thy birth."
KENN,10,sing,twinkle twinkle little star how i wonder what you are up above the world so high like a diamond in the sky twinkle twinkle little star how i wonder what you are, Twinkle twinkle little star How I wonder what you are Up above the world so high Like a diamond in the sky Twinkle twinkle little star How I wonder what you are When the blazing sun is gone
KENN,10,sing,when the blazing sun is gone when he nothing shines upon then you show your little light twinkle twinkle all the night twinkle twinkle little star how i wonder what you are," When he nothing shines upon Then you show your little light Twinkle, twinkle all the night Twinkle, twinkle little star How I wonder what you are Then the traveler in the dark Thanks you for your tiny spark"
KENN,10,sing,then the traveller in the dark thanks you for your tiny spark he could not see which way to go if you did not twinkle so twinkle twinkle little star," You could not see which way to go If you did not twinkle so Twinkle, twinkle, little star How I wonder what you are In the dark blue sky you keep And often through my curtains peep For you never shut your eye"
KENN,10,sing,how i wonder what you are in the dark blue sky you keep and often through my curtains peep for you never shut your eye till the sun is in the," Till the sun is in the sky Twinkle, twinkle, little star How I wonder what you are As your bright and tiny spark Lights the traveler in the dark Though I know not what you are Twinkle, twinkle, little star"
KENN,10,sing,sky twinkle twinkle little star how i wonder what you are as your bright and tiny spark lights the traveller in the dark though i know not," Twinkle, twinkle, little star How I wonder what you are Up above the world so high Like a diamond in the sky Twinkle, twinkle, little star How I wonder what you are How I wonder what you are"
KENN,12,sing,greatness as you smallest as me you show me what is deep as sea a little love little kiss a little hug little gift all," Greatness as you, smallest as me, you show me what is deep as sea. A little love, little kiss, a little hug, little gift, all of little something, these are memories you"
KENN,12,sing,of little something these are our memories you make me cry make me smile make me feel that love is true you always stand by my side i don't want to say goodbye you make me cry make me smile make me feel the, make me cry make me smile make me feel that love is true you always stand by my side i don't want to say goodbye you make me cry make me smile make me feel the joy of love oh kissing you thank you for all the love you always give
KENN,12,sing,joy of love oh, to me oh i love you
KENN,17,sing,goodbye to you my trusted friend we've known each other since we were nine or ten together we've climbed hills and trees learned of love and abcs skinned our hearts and skinned our knees goodbye my friend it's hard to," Goodbye to you, my trusted friend. We've known each other since we were nine or ten. Together we've climbed hills and trees. Learned of love and ABC, skinned our hearts and skinned our knees. Goodbye, my friend, it's hard to die."
KENN,17,sing,die when all the birds are singing in the sky now that the spring is in the air pretty girls are everywhere think of me and i'll be there we had joy we had fun we had," When all the birds are singing in the sky, now that the spring is in the air, pretty girls are everywhere, think of me and I'll be there. We had joy, we had fun, we had seasons in the sun,"
KENN,17,sing,seasons in the sun but the hills that we climbed were just seasons out of time goodbye papa please pray for me i was the black sheep of the family you, the hills that we climbed were just seasons out of time goodbye papa please pray for me i was the black sheep of the family you tried to teach me right from wrong too much wine
KENN,17,sing,tried to teach me right from wrong too much wine and too much song wonder how i got along goodbye papa it's hard to die when all the birds," and too much song, wonder how I got along. Goodbye, papa, it's hard to die when all the birds are singing in the sky. Now that spring is in the air, little children everywhere."
KENN,17,sing,are singing in the sky now that the spring is in the air little children everywhere when you see them i'll be there we had joy we had fun we had seasons in the sun but the wine and the song like the seasons have all gone we had joy," When you see them I'll be there We had joy, we had fun We had seasons in the sun But the wine and the song Like the seasons have all gone We had joy, we had fun We had seasons in the sun But the wine and the song Like the seasons have all gone"
KENN,17,sing,we had fun we had seasons in the sun but the wine and the song like the seasons have all gone goodbye michelle my little one you gave me love and helped me find the," Goodbye, Michelle, my little one. You gave me love and helped me find the sun. And every time that I was down, you would always come around and get my feet back on the ground. Goodbye, Michelle, it's hard to die."
KENN,17,sing,sun and every time that i was down you would always come around and get my feet back on the ground goodbye michelle it's hard to die when all the birds are singing in the sky now that," When all the birds are singing in the sky Now that the spring is in the air With the flowers everywhere I wish that we could both be there We had joy, we had fun, we had seasons in the sun"
KENN,17,sing,the spring is in the air with the flowers everywhere i wish that we could both be there we had joy we had fun we had seasons in the sun but," But the wine and the song were just seasons out of time. We had joy, we had fun, we had seasons in the sun. But the wine and the song, like the seasons have all gone."
KENN,04,read,," Silent night, holy night, all is calm, all is bright. Round yon virgin, mother and child, holy infant so tender and mild. Sleep in heavenly peace. Sleep in heavenly peace. Silent night, holy night, shepherd's quake at the sight. Glory stream from heaven afar."
KENN,04,read,, hosts sing hallelujah Christ the Savior is born Christ the Savior is born silent night holy night son of God loves pure light radiant beams from thy holy face with the dawn of redeeming grace Jesus Lord at thy birth Jesus Lord at
KENN,10,read,, Twinkle twinkle little star how I wonder what you are up above the world so high like a diamond in the sky. Twinkle twinkle little star how I wonder what you are when the blazing sun is gone when he nothing shines upon then you show your little light twinkle twinkle all the night twinkle twinkle little star how
KENN,10,read,," I wonder what you are. Then the traveler in the dark. Thanks you for your tiny spark. He could not see which way to go if you did not twinkle so. Twinkle twinkle little star, how I wonder what you are. In the dark blue sky you keep, and often through my curtains peep. For you never shut your"
KENN,10,read,, twinkle twinkle little star twinkle twinkle little star
KENN,12,read,," Greatness as you, smallest as me, you show me what is deep as sea. A little love, little kiss, a little hug, little gift, all of little something, these are memories. You make me cry, make me smile, make me feel that love is true. You always stand by my side. I don't want to say goodbye."
KENN,17,read,," Goodbye to you, my trusted friend. We've known each other since we were nine or ten. Together we've climbed hills and trees, learned of love and ABCs, skinned our hearts and skinned our knees. Goodbye, my friend, it's hard to die when all the birds are singing in the sky. Now that spring is in the air, pretty girls are"
KENN,17,read,," everywhere. Think of me and I'll be there. We had joy, we had fun, we had seasons in the sun, but the hills that we climbed were just seasons out of time. Goodbye, papa, please pray for me. I was the black sheep of the family. You tried to teach me right from wrong too much wine and too much song. Wonder how I got"
KENN,17,read,," along. Goodbye, papa, it's hard to die when all the birds are singing in the sky. Now that spring is in the air, little children everywhere. When you see them, I'll be there. We had joy, we had fun, we had seasons in the sun, but the wine and the song like the seasons have all gone. We had joy, we"
KENN,17,read,," had fun, we had seasons in the sun, but the wine and the song, like the seasons have all gone. Goodbye, Michelle, my little one, you gave me love and helped me find the sun. And every time that I was down, you would always come around and get my feet back on the ground. Goodbye, Michelle, it's hard to die when"
KENN,17,read,, all the birds are singing in the sky now that the spring is in the air with the flowers everywhere i wish that we could both be here we had joy we had fun we had seasons in the sun but the wine and the song were just seasons out of time we had joy we had fun
